{
    "distribution": [
        0.001193,
        0.002345,
        0.004404,
        0.007971,
        0.013761,
        0.021831,
        0.032592,
        0.045231,
        0.060335,
        0.075372,
        0.087664,
        0.096785,
        0.09924,
        0.096098,
        0.08782,
        0.075258,
        0.060631,
        0.046093,
        0.032699,
        0.021402,
        0.013443,
        0.008062,
        0.00445,
        0.00234
        ],
    "genetic_algorithms":{
        "generations":30,
        "starting_population_size":10000,
        "population_size":6000,
        "mutation_rate":0.20
    },
    "bayesian":{
        "init_points": 200,
        "generations": 100
    },
    "simulation": {
        "values": [0.4736492467853244, 0.4863352068582232, 0.43514138706144195, 0.4774011547744479, 0.47989170386570923, 0.4988570419647337, 0.4900467286226081, 0.4637108674241882, 0.4824782318817172, 0.49616009121941385, 0.5184977575821998, 0.5501137951061419, 0.4765539411380765, 0.46621411760654374, 0.449016636859068, 0.41745900028004573, 0.5138356734377278, 0.5391729663829526, 0.4955329054873314, 0.5025310329713416, 0.5057538618735659, 0.47914245418574514, 0.46862275487295685],
        "n_of_simulations": 5,
        "n_of_marbles": 10000,
        "height_step":1000,
        "simulation_file":"simulation.txt"
    }
}