{
    "distribution": [
        3.9e-05,
        0.000475,
        0.00234,
        0.007739,
        0.018904,
        0.037908,
        0.063062,
        0.090003,
        0.112201,
        0.125224,
        0.124881,
        0.113812,
        0.094871,
        0.072649,
        0.052203,
        0.034733,
        0.021917,
        0.012707,
        0.007217,
        0.003681,
        0.001831,
        0.000925,
        0.000398,
        0.000164
        ],
    "genetic_algorithms":{
        "generations":30,
        "starting_population_size":10000,
        "population_size":6000,
        "mutation_rate":0.20
    },
    "simulation": {
        "values": [0.5389418118705771, 0.46295984979440935, 0.47437976374849844, 0.47146404492717436, 0.5043426353989542, 0.46294503034016493, 0.43886262437030116, 0.4899014941619202, 0.4407118963847288, 0.4587350454822758, 0.4706348468229252, 0.4821322376883338, 0.5534037391094863, 0.4966681309273648, 0.4793281444347852, 0.5076788997735531, 0.5585551688454582, 0.4759059917545646, 0.4834178542808544, 0.453828438750023, 0.4268773628439049, 0.5194343494880318, 0.4998422649560931],
        "n_of_simulations": 5,
        "n_of_marbles": 100000,
        "height_step":500,
        "simulation_file":"simulation.txt"
    }
}