{
    "distribution":[0.3178087238557732, 0.21637204243610736, 0.14731143997550838, 0.10029327312037466, 0.0682821418001915, 0.04648817157682618, 0.03165029742154869, 0.02154830557740951, 0.01467061958606698, 0.009988120795202053, 0.006800159763824449, 0.004629717017013873, 0.0031520258938112036, 0.002145977216046894, 0.0014610343845316773, 0.0009947083579554745, 0.0006772220612067463, 0.0004610695351226184, 0.000313907547310821, 0.00021371602492125023, 0.000145503157536111, 9.906214969504246e-05, 6.744396251172456e-05, 4.5917518378975325e-05, 3.126178260532935e-05, 2.1283795077879595e-05],
    "genetic_algorithms":{
        "generations":200,
        "starting_population_size":100000,
        "population_size":1000,
        "mutation_rate":0.20
    },

    "bayesian":{
        "init_points": 50,
        "generations": 500
    },
    "simulation": {
        "values": [0.4736492467853244, 0.4863352068582232, 0.43514138706144195, 0.4774011547744479, 0.47989170386570923, 0.4988570419647337, 0.4900467286226081, 0.4637108674241882, 0.4824782318817172, 0.49616009121941385, 0.5184977575821998, 0.5501137951061419, 0.4765539411380765, 0.46621411760654374, 0.449016636859068, 0.41745900028004573, 0.5138356734377278, 0.5391729663829526, 0.4955329054873314, 0.5025310329713416, 0.5057538618735659, 0.47914245418574514, 0.46862275487295685],
        "n_of_simulations": 5,
        "n_of_marbles": 10000,
        "height_step":100,
        "simulation_file":"simulation.txt"
    },
    "distribution_samples":{
        "gauss":[
                2.98023224e-08, 7.45058060e-07, 8.94069672e-06, 6.85453415e-05,
                3.76999378e-04, 1.58339739e-03, 5.27799129e-03, 1.43259764e-02,
                3.22334468e-02, 6.08853996e-02, 9.74166393e-02, 1.32840872e-01,
                1.54981017e-01, 1.54981017e-01, 1.32840872e-01, 9.74166393e-02,
                6.08853996e-02, 3.22334468e-02, 1.43259764e-02, 5.27799129e-03,
                1.58339739e-03, 3.76999378e-04, 6.85453415e-05, 8.94069672e-06,
                7.45058060e-07, 2.98023224e-08
            ],
        "uniform":[
                0.038461538461538464, 0.038461538461538464, 0.038461538461538464, 0.038461538461538464, 
                0.038461538461538464, 0.038461538461538464, 0.038461538461538464, 0.038461538461538464,
                0.038461538461538464, 0.038461538461538464, 0.038461538461538464, 0.038461538461538464,
                0.038461538461538464, 0.038461538461538464, 0.038461538461538464, 0.038461538461538464, 
                0.038461538461538464, 0.038461538461538464, 0.038461538461538464, 0.038461538461538464, 
                0.038461538461538464, 0.038461538461538464, 0.038461538461538464, 0.038461538461538464, 
                0.038461538461538464, 0.038461538461538464]
    }
}