{
    "distribution":[0.4761856614544038, 0.24943288860794455, 0.13065652949161874, 0.0684397666805937, 0.0358497327421709, 0.018778604896230646, 0.00983650294926533, 0.005152501519978572, 0.0026989542981191647, 0.001413751024641368, 0.0007405430914733744, 0.0003879071072419258, 0.000203191314025255, 0.00010643452858820759, 5.575193472288876e-05, 2.9203664135828375e-05, 1.529729870716281e-05, 8.012944767744859e-06, 4.197295553944142e-06, 2.198603694121975e-06, 1.1516601920645072e-06, 6.032561491332009e-07, 3.15994235083048e-07, 1.6552231875165257e-07, 8.670296784915498e-08, 4.541625981648194e-08],    "genetic_algorithms":{
        "generations":100,
        "generations_pins":100,
        "starting_population_size":100000,
        "starting_population_size_pins":10000,
        "population_size":1000,
        "population_size_pins":1000,
        "mutation_rate":0.20
    },

    "bayesian":{
        "init_points": 50,
        "generations": 500
    },
    "simulation": {
        "values":[0.8474012350872377, 0.9287202348909167, 0.9394966379160725, 0.9687261350230183, 0.9337264073182255, 0.8728342746144142, 0.9303698832817012, 0.9434233176771936, 0.9332696169334119, 0.9863867964590347, 0.964102116904672, 0.9429143795959403, 0.9843885551714064, 0.9727569647808574, 0.9385821985642199, 0.8714958685656091, 0.9044779129585598, 0.9667219984791593, 0.9043272750156669, 0.9746098931093983, 0.9358173689789069, 0.9845465425059757, 0.9339568136174599, 0.8926832901584065, 0.9203800561170965],
        "n_of_simulations": 1,
        "n_of_marbles": 10000000,
        "height_step":100000,
        "simulation_file":"simulation.txt"
    },
    "distribution_samples":{
        "gauss":[
                2.98023224e-08, 7.45058060e-07, 8.94069672e-06, 6.85453415e-05,
                3.76999378e-04, 1.58339739e-03, 5.27799129e-03, 1.43259764e-02,
                3.22334468e-02, 6.08853996e-02, 9.74166393e-02, 1.32840872e-01,
                1.54981017e-01, 1.54981017e-01, 1.32840872e-01, 9.74166393e-02,
                6.08853996e-02, 3.22334468e-02, 1.43259764e-02, 5.27799129e-03,
                1.58339739e-03, 3.76999378e-04, 6.85453415e-05, 8.94069672e-06,
                7.45058060e-07, 2.98023224e-08
            ],
        "uniform":[
                0.038461538461538464, 0.038461538461538464, 0.038461538461538464, 0.038461538461538464, 
                0.038461538461538464, 0.038461538461538464, 0.038461538461538464, 0.038461538461538464,
                0.038461538461538464, 0.038461538461538464, 0.038461538461538464, 0.038461538461538464,
                0.038461538461538464, 0.038461538461538464, 0.038461538461538464, 0.038461538461538464, 
                0.038461538461538464, 0.038461538461538464, 0.038461538461538464, 0.038461538461538464, 
                0.038461538461538464, 0.038461538461538464, 0.038461538461538464, 0.038461538461538464, 
                0.038461538461538464, 0.038461538461538464]
    }
}