{
    "distribution": [
        0.038461538461538464, 0.038461538461538464, 0.038461538461538464, 0.038461538461538464, 
        0.038461538461538464, 0.038461538461538464, 0.038461538461538464, 0.038461538461538464,
        0.038461538461538464, 0.038461538461538464, 0.038461538461538464, 0.038461538461538464,
        0.038461538461538464, 0.038461538461538464, 0.038461538461538464, 0.038461538461538464, 
        0.038461538461538464, 0.038461538461538464, 0.038461538461538464, 0.038461538461538464, 
        0.038461538461538464, 0.038461538461538464, 0.038461538461538464, 0.038461538461538464, 
        0.038461538461538464, 0.038461538461538464],
    "genetic_algorithms":{
        "generations":1500,
        "starting_population_size":100000,
        "population_size":1000,
        "mutation_rate":0.20
    },

    "bayesian":{
        "init_points": 50,
        "generations": 500
    },
    "simulation": {
        "values": [0.4736492467853244, 0.4863352068582232, 0.43514138706144195, 0.4774011547744479, 0.47989170386570923, 0.4988570419647337, 0.4900467286226081, 0.4637108674241882, 0.4824782318817172, 0.49616009121941385, 0.5184977575821998, 0.5501137951061419, 0.4765539411380765, 0.46621411760654374, 0.449016636859068, 0.41745900028004573, 0.5138356734377278, 0.5391729663829526, 0.4955329054873314, 0.5025310329713416, 0.5057538618735659, 0.47914245418574514, 0.46862275487295685],
        "n_of_simulations": 5,
        "n_of_marbles": 10000,
        "height_step":50,
        "simulation_file":"simulation.txt"
    },
    "distribution_samples":{
        "gauss":[
                2.98023224e-08, 7.45058060e-07, 8.94069672e-06, 6.85453415e-05,
                3.76999378e-04, 1.58339739e-03, 5.27799129e-03, 1.43259764e-02,
                3.22334468e-02, 6.08853996e-02, 9.74166393e-02, 1.32840872e-01,
                1.54981017e-01, 1.54981017e-01, 1.32840872e-01, 9.74166393e-02,
                6.08853996e-02, 3.22334468e-02, 1.43259764e-02, 5.27799129e-03,
                1.58339739e-03, 3.76999378e-04, 6.85453415e-05, 8.94069672e-06,
                7.45058060e-07, 2.98023224e-08
            ],
        "uniform":[
                0.038461538461538464, 0.038461538461538464, 0.038461538461538464, 0.038461538461538464, 
                0.038461538461538464, 0.038461538461538464, 0.038461538461538464, 0.038461538461538464,
                0.038461538461538464, 0.038461538461538464, 0.038461538461538464, 0.038461538461538464,
                0.038461538461538464, 0.038461538461538464, 0.038461538461538464, 0.038461538461538464, 
                0.038461538461538464, 0.038461538461538464, 0.038461538461538464, 0.038461538461538464, 
                0.038461538461538464, 0.038461538461538464, 0.038461538461538464, 0.038461538461538464, 
                0.038461538461538464, 0.038461538461538464]
    }
}